{
  "knobs": {
    "spend": 0.4,
    "engage": 0.6
  },
  "lambda": 0.7,
  "K": 4,
  "thresholds": {
    "Platinum": 94.82429429361571,
    "Gold": 76.04340240982032,
    "Silver": 38.42162152274865,
    "Regular": -Infinity
  }
}