{
  "knobs": {
    "spend": 0.4,
    "engage": 0.6
  },
  "lambda": 0.7,
  "K": 4,
  "thresholds": {
    "Platinum": 94.8242942942943,
    "Gold": 77.65075075075076,
    "Silver": 36.349624624624624,
    "Regular": -Infinity
  }
}